strategy_id,strategy_pf,strategy_net_return_pct,random_same_exit_pf,random_same_exit_net_return_pct,ema20_50_baseline_mean_pf,ema20_50_baseline_mean_net_return_pct,beats_ema_pf,beats_random_return
QL_CRABEL_RANGE_EXPANSION_STAGE2_v0,2.0173175646630512,6800.762947611889,0.0,-15.334890159722958,1.2040561896630655,31.139003740248395,True,True
QL_LINDA_5SMA_RS_PULLBACK_v0,1.6051211584400942,6622.868323807262,0.0,-36.06984172513865,1.2040561896630655,31.139003740248395,True,True
QL_BIGBELUGA_RSI_DIVERGENCE_CHOCH_ATR_v0,1.5857792934159083,3195.407590370013,0.0,-21.470567217862214,1.2040561896630655,31.139003740248395,True,True
