strategy_id,top5_wins_profit_share_pct,top5_losses_loss_share_pct,median_trade_pct,p10_trade_pct,p90_trade_pct,outlier_dependency_warning
QL_CRABEL_RANGE_EXPANSION_STAGE2_v0,44.115541762111334,9.592943405365634,-4.635166436959956,-10.785284526737767,27.72624873718341,True
QL_LINDA_5SMA_RS_PULLBACK_v0,8.042500384857744,18.175018344420863,1.4346172724557205,-5.6697650231889885,6.543476363788009,False
QL_BIGBELUGA_RSI_DIVERGENCE_CHOCH_ATR_v0,12.501707296629345,17.389313051080094,1.3791897330631375,-9.69181809091955,13.80740117412975,False
