asset,trades,win_rate,max_dd,total_ret,pf_base,pf_2x,pf_3x,fee_monotonic
BTCUSDT,10171,0.43850162225936484,0.9574964200559455,-0.9563762442534813,0.7635654804387033,0.5371287638724741,0.3822749164169501,True
ETHUSDT,10743,0.4566694591827236,0.9738026499338959,-0.9734063502528375,0.8128592259091336,0.6315046770662028,0.493077922886827,True
SOLUSDT,9821,0.4753080134405865,0.9475846683494347,-0.9404058091119923,0.8826598571243017,0.7323944083700834,0.6082674112209702,True
BNBUSDT,9824,0.4543973941368078,0.9419160787320334,-0.933201410049337,0.8170894391696256,0.6054578567243226,0.4515475041268035,True
XRPUSDT,8651,0.4696566870881979,0.9214707070660952,-0.9088972757819617,0.8814321260958228,0.7225509769397586,0.5936910005633982,True
