asset,trades,win_rate,max_dd,total_ret,pf_base,pf_2x,pf_3x,fee_monotonic
BTCUSDT,10171,0.43850162225936484,0.9575009352913284,-0.9563808784872504,0.7635586582223532,0.5371242800788972,0.38227181706189806,True
ETHUSDT,10743,0.4566694591827236,0.9738284211102798,-0.973432511281972,0.8128155256283799,0.6314739194143559,0.4930560953046013,True
SOLUSDT,9821,0.4753080134405865,0.9477568341242667,-0.9406015548933627,0.8825252572575382,0.7322866136810835,0.6081811640563717,True
BNBUSDT,9824,0.4543973941368078,0.9419843416078469,-0.9332947499841118,0.8170016610639376,0.6053943901226951,0.4515005721702619,True
XRPUSDT,8651,0.4696566870881979,0.921603901023523,-0.9093340020570762,0.8811862684203258,0.7223467501649355,0.5935225505790224,True
